region,crop_type,soil_moisture_%,soil_pH,temperature_C,rainfall_mm,humidity_%,sunlight_hours,irrigation_type,fertilizer_type,pesticide_usage_ml,total_days,yield_kg_per_hectare,NDVI_index,crop_disease_status,sowing_month,harvest_month,rain_sunlight_interaction,temp_humidity_ratio,location_cluster
North India,Wheat,35.95,5.99,17.79,75.62,77.03,7.27,Manual,Organic,6.34,122,4408.07,0.63,Mild,1,5,549.7574,0.230945982786151,2
South USA,Soybean,19.74,7.24,30.18,89.91,61.13,5.67,Sprinkler,Inorganic,9.6,112,5389.98,0.58,Severe,2,5,509.7897,0.49369387054031505,0
South USA,Wheat,29.32,7.16,27.37,265.43,68.87,8.23,Drip,Mixed,15.26,144,2931.16,0.8,Mild,2,6,2184.4889000000003,0.3974096499252225,4
Central USA,Maize,17.33,6.03,33.73,212.01,70.46,5.03,Sprinkler,Organic,25.8,134,4227.8,0.44,Moderate,2,7,1066.4103,0.4787045315848483,1
Central USA,Cotton,19.37,5.92,33.86,269.09,55.73,7.93,Manual,Mixed,25.65,105,4979.96,0.84,Severe,2,5,2133.8837,0.6075613213471857,2
Central USA,Rice,44.91,5.78,24.87,238.95,83.06,4.92,Sprinkler,Mixed,24.0,114,4383.55,0.82,Moderate,1,5,1175.634,0.29941849965687867,1
North India,Soybean,36.28,7.04,21.8,123.38,47.91,4.02,Manual,Mixed,39.29,145,4501.2,0.76,Moderate,3,7,495.98759999999993,0.45501033165661336,4
East Africa,Maize,27.1,5.72,22.26,296.33,80.34,5.44,Sprinkler,Mixed,47.61,121,5264.09,0.7,Mild,1,5,1612.0352,0.2770689934155661,4
Central USA,Soybean,40.54,6.35,19.24,184.82,76.5,5.21,Manual,Inorganic,49.78,118,5598.46,0.5,Mild,3,7,962.9122,0.2514999803924131,0
East Africa,Rice,10.25,6.92,16.18,66.85,41.57,5.98,Sprinkler,Inorganic,35.1,98,4893.41,0.58,Severe,1,4,399.763,0.3892136345048231,4
South India,Wheat,13.39,6.36,23.47,166.76,76.45,8.04,Drip,Organic,23.12,145,2437.08,0.55,Moderate,2,7,1340.7503999999997,0.30699402231494677,0
South USA,Rice,40.61,5.65,31.16,263.99,44.9,7.91,Drip,Organic,46.69,116,3942.56,0.4,Moderate,1,5,2088.1609000000003,0.6939711810427386,1
South USA,Maize,42.43,7.07,20.7,224.15,76.53,8.7,Manual,Organic,13.55,127,4942.95,0.65,Mild,1,5,1950.1049999999998,0.27047862957494345,3
North India,Soybean,12.8,5.87,26.9,218.8,51.76,4.72,Sprinkler,Mixed,31.75,116,4629.49,0.42,Moderate,3,6,1032.736,0.5196962964394042,2
South India,Maize,23.85,6.84,21.0,129.04,77.59,4.44,Manual,Mixed,49.93,124,2852.62,0.34,Mild,1,5,572.9376,0.2706499465144153,0
Central USA,Maize,15.52,7.17,29.07,202.92,89.36,7.92,Drip,Mixed,41.77,96,5755.72,0.75,Mild,2,5,1607.1263999999999,0.3253096988619196,2
Central USA,Maize,31.17,6.94,19.07,208.56,53.2,6.93,Drip,Organic,33.54,90,3334.23,0.74,Severe,2,5,1445.3208,0.3584519087987068,4
East Africa,Wheat,13.92,7.39,28.82,87.26,41.8,6.22,Sprinkler,Inorganic,10.74,147,5732.35,0.45,Moderate,2,7,542.7572,0.6894571900193777,3
Central USA,Soybean,40.94,6.31,27.41,88.64,86.49,9.19,Sprinkler,Inorganic,6.12,140,5723.26,0.36,Mild,3,7,814.6016,0.3169115861765964,2
South USA,Rice,16.99,7.34,21.99,255.13,83.57,5.34,Sprinkler,Inorganic,19.77,107,3404.58,0.62,Moderate,1,5,1362.3942,0.26312955451053593,2
North India,Maize,16.25,7.43,20.31,77.1,61.73,8.37,Manual,Inorganic,32.28,114,5598.02,0.3,Mild,3,6,645.3269999999999,0.32900811585751083,2
Central USA,Cotton,12.45,6.83,21.6,128.48,82.4,8.32,Manual,Mixed,18.92,115,4788.83,0.86,Mild,2,6,1068.9536,0.26213274110751084,0
East Africa,Soybean,20.53,6.6,15.01,121.73,61.49,7.48,Manual,Inorganic,24.88,122,3892.74,0.7,Moderate,3,7,910.5404000000001,0.24410076271324258,1
East Africa,Soybean,21.73,7.14,30.02,218.2,51.23,5.19,Drip,Organic,16.02,144,5073.96,0.42,Severe,2,7,1132.458,0.5859733364564425,2
South USA,Cotton,18.54,6.81,15.11,237.74,78.5,4.64,Drip,Organic,12.91,119,2200.87,0.38,Severe,3,7,1103.1136,0.19248162443790523,3
East Africa,Soybean,30.84,7.4,32.83,203.16,75.96,7.03,Manual,Organic,38.46,106,5007.11,0.59,Mild,2,5,1428.2148,0.43219546872737324,2
Central USA,Cotton,12.71,6.07,20.43,129.93,67.01,4.83,Sprinkler,Inorganic,36.23,94,3659.47,0.42,Severe,3,6,627.5619,0.30487531897748127,4
South USA,Soybean,43.11,5.54,32.61,193.92,63.85,9.66,Manual,Inorganic,43.41,137,4938.54,0.59,Severe,2,7,1873.2672,0.5107202706300606,4
Central USA,Cotton,35.35,7.18,33.39,295.18,66.71,9.44,Drip,Organic,33.92,119,2726.92,0.5,Severe,1,5,2786.4991999999997,0.5005171560911994,4
Central USA,Cotton,18.83,5.66,15.39,184.85,90.0,6.1,Drip,Mixed,6.81,102,5356.92,0.7,Mild,1,4,1127.5849999999998,0.17099810002111088,0
South USA,Maize,36.84,5.84,27.14,236.98,45.73,8.92,Manual,Organic,31.04,133,5632.1,0.35,Mild,2,7,2113.8615999999997,0.5934705123439243,2
North India,Maize,39.76,6.7,17.42,295.96,79.13,6.08,Manual,Mixed,21.68,111,2050.61,0.88,Severe,3,7,1799.4368,0.22014128470510927,3
South India,Cotton,16.16,6.54,28.01,203.98,85.98,8.65,Manual,Inorganic,42.16,110,5406.85,0.57,Severe,3,6,1764.427,0.32576964678242865,3
East Africa,Soybean,33.39,6.17,24.89,131.25,64.38,6.13,Manual,Inorganic,17.58,146,3105.07,0.44,Severe,3,8,804.5625,0.38660474363554465,4
South USA,Soybean,36.54,6.88,27.92,172.71,79.65,4.56,Sprinkler,Inorganic,36.13,127,3476.08,0.5,Severe,2,6,787.5576,0.3505291835632948,2
Central USA,Maize,18.8,5.74,18.85,79.89,66.79,8.57,Sprinkler,Organic,14.74,136,4358.35,0.8,Moderate,2,6,684.6573000000001,0.28222365288736506,1
South India,Maize,16.28,5.53,25.68,118.58,88.71,7.32,Sprinkler,Mixed,44.08,145,2049.06,0.41,Moderate,2,6,868.0056000000001,0.28947932049013086,4
Central USA,Cotton,13.99,5.63,24.83,194.26,74.32,4.91,Manual,Organic,49.73,138,3664.7,0.85,Moderate,1,6,953.8166,0.33409130662935105,3
East Africa,Cotton,20.69,6.74,27.19,235.02,87.38,5.25,Sprinkler,Inorganic,34.72,101,4207.97,0.66,Moderate,1,4,1233.855,0.31116604296128453,0
North India,Rice,20.08,6.07,32.19,67.79,51.67,5.59,Sprinkler,Inorganic,10.16,99,5633.65,0.48,Moderate,1,4,378.9461,0.6229800081283505,0
South USA,Wheat,26.4,6.11,23.05,118.06,67.0,6.63,Drip,Inorganic,38.05,91,2365.31,0.87,Moderate,3,6,782.7378,0.3440247160490142,1
East Africa,Wheat,36.71,5.85,25.38,160.56,53.91,9.98,Manual,Mixed,41.64,112,3633.39,0.5,Severe,1,5,1602.3888000000002,0.470775908441691,1
Central USA,Cotton,38.47,6.6,24.1,128.63,56.16,9.82,Sprinkler,Mixed,42.12,145,4170.37,0.67,Severe,1,6,1263.1466,0.4291234130446396,0
South USA,Wheat,17.12,6.6,33.55,159.53,74.91,4.73,Sprinkler,Mixed,12.13,125,3631.96,0.58,Moderate,3,7,754.5769,0.44786479956214703,1
South India,Cotton,42.64,6.08,29.11,153.87,64.12,6.83,Manual,Mixed,11.51,122,4985.17,0.77,Severe,1,5,1050.9321,0.45398543378924217,3
Central USA,Soybean,19.35,5.51,29.52,259.37,69.0,7.96,Sprinkler,Inorganic,29.24,125,5051.49,0.41,Mild,2,6,2064.5852,0.4278198866683091,4
East Africa,Cotton,18.17,7.05,15.87,236.18,75.26,8.87,Manual,Mixed,40.66,121,5859.3,0.82,Severe,3,7,2094.9166,0.21086618567385496,4
North India,Soybean,41.87,5.53,17.88,267.73,88.5,4.45,Manual,Inorganic,33.05,95,5407.06,0.49,Severe,2,5,1191.3985000000002,0.20203161546197215,3
East Africa,Wheat,31.61,5.97,28.69,121.84,51.37,4.54,Drip,Mixed,36.68,100,4776.0,0.48,Moderate,1,4,553.1536,0.558486305503105,2
South USA,Rice,18.55,6.32,28.64,95.01,48.75,7.66,Manual,Mixed,35.74,99,2928.75,0.31,Severe,2,5,727.7766,0.5874751287153085,0
Central USA,Soybean,15.53,6.38,21.91,196.89,71.95,6.55,Manual,Inorganic,43.04,144,3932.83,0.48,Moderate,1,6,1289.6294999999998,0.3045127934288613,4
North India,Cotton,19.61,6.63,28.72,236.17,42.45,7.64,Manual,Inorganic,39.91,141,3409.28,0.73,Mild,1,6,1804.3387999999998,0.6765447221502437,1
North India,Wheat,20.81,6.38,26.59,233.09,44.51,5.77,Manual,Organic,14.04,123,4007.18,0.79,Severe,3,7,1344.9293,0.5973804228168319,3
Central USA,Maize,38.15,6.44,16.51,238.54,51.28,8.06,Manual,Mixed,21.46,106,4146.29,0.46,Severe,2,5,1922.6324,0.3219516000078002,2
Central USA,Wheat,33.62,6.44,27.39,285.79,56.4,7.66,Drip,Mixed,42.07,131,3633.18,0.9,Moderate,3,7,2189.1514,0.48562968741688983,0
North India,Rice,41.05,5.77,24.07,217.62,77.16,9.68,Manual,Mixed,38.4,131,2396.09,0.47,Moderate,1,5,2106.5616,0.31194515363979214,1
South India,Cotton,25.56,5.97,22.25,295.23,58.37,9.41,Manual,Organic,22.92,150,5392.13,0.68,Moderate,1,6,2778.1143,0.38118243648387046,0
North India,Maize,18.52,5.75,26.29,67.15,78.26,5.24,Sprinkler,Organic,19.79,147,4383.93,0.38,Moderate,1,6,351.86600000000004,0.3359272178990812,3
South India,Wheat,33.14,5.55,15.3,247.5,51.9,5.94,Sprinkler,Inorganic,7.36,123,2454.6,0.61,Moderate,3,7,1470.15,0.29479200786112025,2
South USA,Soybean,17.75,6.73,29.54,277.19,72.95,5.81,Drip,Organic,49.94,133,2431.85,0.66,Moderate,2,6,1610.4739,0.40492933612973087,0
South India,Maize,31.85,6.67,29.24,145.23,69.87,5.77,Manual,Organic,40.69,131,4603.67,0.55,Severe,1,6,837.9770999999998,0.4184854946973708,2
South USA,Cotton,35.54,6.13,21.25,113.72,87.68,8.12,Manual,Organic,9.11,117,2386.26,0.34,Moderate,1,4,923.4063999999998,0.24235581254775831,4
North India,Cotton,22.38,6.83,30.01,267.02,76.05,9.81,Manual,Inorganic,9.66,99,4626.95,0.63,Moderate,3,6,2619.4662,0.3946036212541584,3
Central USA,Soybean,17.92,6.36,26.22,241.86,71.09,8.05,Drip,Mixed,46.81,91,2721.66,0.51,Mild,3,6,1946.9730000000002,0.3688230577710258,1
South India,Soybean,33.01,5.64,29.82,292.95,44.59,7.18,Manual,Inorganic,25.41,109,4886.38,0.83,Mild,1,4,2103.381,0.6687448139759145,1
South India,Soybean,11.74,5.66,23.86,156.0,70.35,6.49,Sprinkler,Mixed,10.12,108,4712.87,0.33,Severe,2,5,1012.44,0.3391565151881281,2
East Africa,Wheat,10.27,6.1,19.22,84.31,52.78,5.97,Drip,Inorganic,38.62,114,4130.33,0.78,Moderate,1,4,503.3307,0.3641461889695155,2
South USA,Wheat,25.27,6.42,16.56,128.27,61.46,6.43,Manual,Inorganic,10.18,100,5205.29,0.52,Severe,1,4,824.7761,0.26943915653829253,2
North India,Rice,25.25,6.3,16.57,267.63,77.29,5.33,Sprinkler,Organic,27.97,122,2775.61,0.79,Mild,1,5,1426.4679,0.2143845984655393,2
South India,Wheat,15.13,5.89,27.05,240.05,72.78,5.06,Drip,Inorganic,38.95,133,5696.62,0.39,Moderate,3,7,1214.653,0.37166293400750194,1
South USA,Cotton,32.1,7.09,26.83,137.99,43.71,6.77,Drip,Organic,21.59,131,5457.0,0.58,Severe,2,6,934.1923,0.6138043055523781,4
South USA,Soybean,32.81,6.14,24.51,87.72,43.09,4.62,Manual,Mixed,8.79,92,2990.97,0.67,Moderate,3,6,405.2664,0.568796268362303,3
Central USA,Maize,23.56,7.05,28.58,63.09,71.54,6.01,Manual,Organic,30.11,106,4894.93,0.39,Moderate,2,5,379.1709,0.3994912008498622,1
East Africa,Rice,42.09,6.12,28.12,215.53,46.45,8.25,Drip,Inorganic,30.15,111,5252.74,0.9,Moderate,3,7,1778.1225,0.6053690986200513,1
South USA,Soybean,22.66,6.23,18.61,103.55,87.38,6.92,Sprinkler,Organic,11.97,140,2404.56,0.32,Moderate,2,7,716.5659999999999,0.21297536077637014,1
East Africa,Rice,30.9,5.81,18.62,223.21,71.24,9.42,Manual,Organic,23.49,105,5878.35,0.57,Mild,3,7,2102.6382,0.2613663480299266,2
Central USA,Cotton,41.64,5.89,28.57,192.6,62.03,8.62,Manual,Mixed,28.74,102,5205.04,0.59,Moderate,1,5,1660.2119999999998,0.4605761635311377,3
East Africa,Wheat,34.9,6.53,17.49,70.97,48.02,6.7,Sprinkler,Inorganic,9.13,118,5538.52,0.52,Severe,1,5,475.499,0.3642156556506528,4
North India,Maize,17.86,6.14,16.98,228.68,56.76,4.88,Drip,Inorganic,46.28,143,2555.17,0.35,Moderate,2,7,1115.9584,0.29914906361762483,4
South India,Rice,29.21,6.95,25.56,77.8,54.41,5.81,Drip,Organic,23.89,94,2443.43,0.61,Mild,3,6,452.018,0.46975795335502013,4
South India,Maize,25.02,6.73,19.81,154.14,73.22,4.51,Manual,Organic,47.9,140,5953.33,0.68,Moderate,3,8,695.1714,0.27055079826825634,4
Central USA,Wheat,22.5,5.64,19.82,214.28,45.18,7.49,Manual,Organic,7.0,142,4571.18,0.41,Mild,3,7,1604.9572,0.4386799760961466,3
North India,Cotton,11.29,5.9,30.82,271.45,55.78,5.86,Manual,Mixed,26.3,131,2764.41,0.69,Moderate,1,6,1590.6970000000001,0.5525178824330865,3
North India,Maize,25.29,6.3,23.79,289.12,56.95,5.12,Manual,Inorganic,46.59,141,2330.45,0.79,Moderate,3,7,1480.2944,0.4177275201488999,0
Central USA,Wheat,12.8,6.82,21.13,200.66,61.31,8.14,Manual,Inorganic,6.91,117,3098.22,0.68,Moderate,2,6,1633.3724000000002,0.34463636215361027,3
East Africa,Rice,43.35,5.79,27.15,245.33,41.74,4.4,Manual,Inorganic,22.23,128,2613.75,0.76,Mild,3,7,1079.4520000000002,0.6504396157255457,3
East Africa,Maize,23.93,6.8,19.99,78.36,76.78,6.99,Manual,Mixed,10.3,118,2858.28,0.59,Moderate,2,6,547.7364,0.2603508680532944,2
South India,Wheat,25.82,7.3,23.9,71.95,74.1,9.07,Manual,Mixed,20.63,124,3161.45,0.86,Mild,1,5,652.5865,0.32253275934197917,1
Central USA,Soybean,17.85,7.47,30.84,109.18,64.7,6.17,Manual,Inorganic,41.16,129,5536.99,0.73,Severe,3,7,673.6406000000001,0.47665414754022345,2
South USA,Soybean,12.58,7.44,27.85,162.49,74.01,6.07,Sprinkler,Organic,24.47,97,4072.41,0.73,Moderate,1,5,986.3143000000001,0.37629541554633766,0
East Africa,Maize,39.61,6.0,27.7,187.71,46.26,5.82,Drip,Mixed,33.84,99,2684.8,0.81,Moderate,3,6,1092.4722000000002,0.5987765072090963,1
North India,Wheat,11.59,6.78,26.54,212.78,78.35,6.5,Drip,Inorganic,45.0,131,5826.6,0.54,Severe,3,7,1383.07,0.3387321157356,2
North India,Wheat,15.53,6.33,24.29,135.05,47.18,9.17,Manual,Mixed,49.46,98,5042.66,0.58,Moderate,2,5,1238.4085,0.5148258833004812,4
South USA,Rice,14.93,5.6,33.91,266.04,60.91,9.78,Sprinkler,Inorganic,47.02,102,5052.49,0.83,Severe,3,6,2601.8712,0.556713894042127,3
North India,Wheat,43.08,6.51,34.33,103.79,57.64,4.3,Manual,Mixed,44.71,120,3142.99,0.83,Moderate,3,7,446.297,0.5955830051525823,3
South USA,Maize,11.58,5.6,26.24,140.63,54.43,6.32,Manual,Mixed,17.59,129,2475.24,0.5,Moderate,3,7,888.7816,0.4820782274806636,2
South India,Rice,31.09,6.3,15.81,59.73,75.68,8.82,Manual,Organic,32.28,110,5725.47,0.74,Moderate,3,6,526.8186,0.208903159313434,2
East Africa,Maize,27.76,6.52,24.8,190.73,63.74,4.1,Manual,Mixed,9.93,109,5187.02,0.66,Moderate,2,6,781.9929999999999,0.38907453601292735,1
East Africa,Soybean,17.96,5.6,24.61,181.06,76.06,8.65,Manual,Organic,41.97,126,5792.82,0.55,Severe,1,5,1566.169,0.32355609313577255,0
South India,Cotton,27.56,6.72,24.43,262.09,76.37,8.23,Sprinkler,Mixed,19.63,123,3507.3,0.51,Moderate,3,7,2157.0007,0.3198858205339723,2
Central USA,Soybean,26.95,7.41,20.58,124.62,87.07,9.89,Manual,Mixed,14.33,110,3919.21,0.46,Moderate,3,7,1232.4918,0.23635883359557142,1
East Africa,Soybean,23.29,7.46,31.37,288.65,80.23,5.74,Manual,Mixed,8.56,106,4989.35,0.86,Moderate,2,6,1656.8509999999999,0.3909959990527352,0
South India,Wheat,31.55,6.67,19.85,217.46,66.55,7.83,Drip,Organic,23.6,96,4724.77,0.86,Severe,3,6,1702.7118,0.29826749410226744,0
South USA,Cotton,32.77,7.01,20.74,121.35,42.96,8.61,Sprinkler,Mixed,38.24,116,5528.98,0.8,Severe,1,5,1044.8235,0.48276343660529314,3
South India,Maize,40.69,5.52,26.36,76.83,89.15,5.71,Manual,Organic,43.3,102,5235.26,0.45,Mild,2,5,438.6993,0.2956781191461677,0
North India,Maize,37.68,6.64,30.15,93.87,82.81,9.38,Manual,Mixed,19.76,96,2739.12,0.3,Severe,2,5,880.5006000000001,0.3640820663921459,2
South India,Cotton,36.38,7.41,21.04,230.72,40.57,7.92,Sprinkler,Organic,35.05,100,3621.67,0.76,Moderate,2,5,1827.3024,0.5185970274333884,1
Central USA,Maize,31.51,5.94,17.67,88.3,77.39,7.63,Manual,Mixed,29.72,124,5207.98,0.75,Moderate,2,6,673.7289999999999,0.22832112261115634,0
East Africa,Cotton,28.49,6.22,33.34,78.05,81.44,9.42,Sprinkler,Mixed,29.15,144,4081.37,0.59,Severe,1,6,735.231,0.40937611276875285,1
North India,Cotton,14.62,6.33,26.28,189.7,73.64,5.85,Drip,Inorganic,16.45,103,4313.25,0.62,Moderate,1,5,1109.745,0.3568664195217338,2
North India,Cotton,11.11,6.32,30.38,241.46,88.92,7.88,Manual,Inorganic,49.68,145,5668.46,0.7,Mild,2,7,1902.7048,0.34165157836731475,2
Central USA,Wheat,16.25,6.57,25.58,231.96,51.13,4.02,Drip,Inorganic,25.84,117,4127.73,0.39,Mild,3,7,932.4791999999999,0.5002835853005025,0
North India,Wheat,38.33,6.34,30.32,270.94,40.78,5.24,Drip,Mixed,6.51,135,5488.85,0.44,Mild,3,8,1419.7256,0.7434834849562296,3
North India,Rice,27.64,6.08,31.32,232.88,55.95,7.59,Manual,Organic,18.58,123,2884.17,0.66,Mild,1,5,1767.5592,0.5597755178638452,2
South USA,Soybean,27.35,7.44,33.83,217.84,79.29,5.91,Manual,Inorganic,11.71,138,4151.71,0.72,Severe,2,6,1287.4344,0.4266562409352889,3
North India,Soybean,24.44,6.33,25.6,147.1,52.75,5.98,Drip,Inorganic,43.12,136,5317.63,0.66,Moderate,1,6,879.658,0.4852988568937082,2
South India,Soybean,35.35,6.62,24.59,267.37,56.65,9.74,Drip,Organic,47.17,137,5998.29,0.72,Severe,3,7,2604.1838000000002,0.4340611816208011,1
South India,Soybean,21.26,6.07,24.33,212.18,55.42,6.16,Manual,Inorganic,9.44,138,5358.92,0.64,Mild,3,8,1307.0288,0.4390032659100341,4
South India,Wheat,19.13,7.37,26.58,154.39,47.62,5.98,Drip,Mixed,42.5,131,5773.86,0.88,Severe,2,6,923.2522,0.5581571155582621,2
South USA,Rice,35.65,6.2,17.8,186.64,49.2,9.34,Drip,Mixed,6.52,132,2194.06,0.44,Mild,1,6,1743.2176,0.36178126460844295,2
North India,Rice,27.7,6.25,27.36,216.69,70.83,6.9,Manual,Organic,5.3,90,2066.9,0.6,Severe,3,6,1495.161,0.3862715477686324,4
South India,Wheat,42.13,6.55,19.82,204.95,52.62,6.13,Manual,Organic,21.79,126,2972.83,0.81,Moderate,2,6,1256.3435,0.3766557077972673,2
North India,Cotton,23.27,6.61,16.12,52.36,48.57,7.0,Manual,Mixed,40.3,96,5579.16,0.72,Severe,3,7,366.52,0.33188528134071776,2
Central USA,Wheat,42.35,6.87,20.61,185.76,72.91,5.08,Manual,Organic,48.27,138,5282.76,0.64,Severe,3,7,943.6608,0.282673396332515,3
East Africa,Maize,23.43,6.98,30.81,222.33,43.92,8.47,Manual,Organic,9.4,94,3362.37,0.76,Moderate,1,4,1883.1351000000002,0.7014867603196648,3
Central USA,Cotton,27.17,6.21,33.82,157.96,73.98,7.96,Drip,Mixed,18.29,94,2328.15,0.39,Severe,1,4,1257.3616,0.4571444019410389,2
Central USA,Maize,13.73,5.51,21.17,139.98,53.49,4.8,Sprinkler,Inorganic,25.2,116,2413.17,0.66,Moderate,3,7,671.9039999999999,0.3957675122917874,4
South USA,Wheat,20.21,6.28,16.69,275.28,85.26,9.87,Sprinkler,Mixed,22.13,109,3073.63,0.55,Severe,1,4,2717.0135999999993,0.1957518677941849,0
North India,Maize,18.81,5.99,27.5,198.45,49.78,4.64,Manual,Organic,47.7,129,3519.56,0.79,Mild,2,7,920.8079999999999,0.5524195978385328,4
Central USA,Maize,31.11,6.89,24.58,94.41,59.91,5.91,Manual,Mixed,40.19,107,5265.98,0.42,Mild,2,5,557.9630999999999,0.4102752416083858,2
East Africa,Wheat,43.36,6.42,29.17,159.61,54.57,8.16,Manual,Mixed,27.47,105,3010.73,0.34,Severe,3,6,1302.4176000000002,0.5345329937146104,1
East Africa,Cotton,28.7,7.35,32.39,154.58,41.84,9.81,Drip,Organic,39.6,112,2665.35,0.71,Severe,3,7,1516.4298000000001,0.7741210774121078,2
Central USA,Cotton,13.71,5.7,19.44,236.71,67.9,8.13,Sprinkler,Inorganic,21.84,133,4354.36,0.59,Moderate,2,7,1924.4523000000002,0.2862991708516811,2
South USA,Wheat,14.06,7.38,17.83,127.97,62.77,5.24,Manual,Inorganic,26.43,134,3809.79,0.37,Moderate,2,7,670.5628,0.28404836628379343,2
North India,Rice,42.55,6.98,25.32,187.98,56.55,6.56,Manual,Organic,40.9,101,4561.92,0.83,Severe,3,6,1233.1488,0.4477374405403972,2
East Africa,Cotton,23.61,6.91,19.12,238.08,80.44,4.38,Drip,Mixed,13.41,119,2455.82,0.68,Severe,2,6,1042.7904,0.23768973533397147,3
East Africa,Cotton,30.55,6.2,31.91,204.34,80.69,8.24,Manual,Mixed,31.56,110,2471.45,0.38,Severe,3,6,1683.7616,0.39545922097879566,0
South USA,Soybean,14.83,6.27,18.72,208.88,74.67,7.87,Sprinkler,Mixed,12.51,101,3258.32,0.87,Severe,2,5,1643.8856,0.2506997361760255,1
South India,Rice,38.53,7.43,25.11,173.74,74.23,6.49,Manual,Inorganic,12.53,140,5044.23,0.47,Severe,3,7,1127.5726000000002,0.33826837844027424,0
East Africa,Cotton,29.24,5.73,17.28,243.78,81.16,6.2,Drip,Mixed,24.86,96,4943.95,0.9,Severe,1,4,1511.4360000000001,0.21291014157045873,3
Central USA,Maize,40.18,5.67,32.31,79.35,80.59,5.26,Manual,Mixed,32.46,129,2556.94,0.64,Moderate,2,6,417.381,0.40091325334094374,1
East Africa,Soybean,15.89,7.46,20.85,193.18,87.62,7.09,Drip,Organic,48.32,107,5468.19,0.39,Moderate,2,5,1369.6462,0.23795665422672646,3
South India,Cotton,27.13,6.65,20.37,153.56,62.6,7.8,Drip,Inorganic,28.2,149,5509.27,0.3,Moderate,2,7,1197.768,0.32539416303253943,3
South USA,Maize,39.75,7.09,22.95,292.03,81.24,6.97,Manual,Inorganic,20.2,126,5409.69,0.33,Mild,3,7,2035.4490999999998,0.2824928299750126,2
South USA,Wheat,14.35,7.22,23.83,50.17,87.9,5.21,Sprinkler,Mixed,18.58,131,3441.74,0.4,Severe,2,6,261.3857,0.2711004425433157,2
Central USA,Rice,25.02,5.68,16.9,103.36,43.9,7.56,Manual,Organic,5.36,97,5952.62,0.44,Moderate,2,6,781.4015999999999,0.3849570624814925,3
North India,Wheat,20.97,7.26,17.74,243.37,77.66,4.8,Sprinkler,Organic,28.87,131,2656.47,0.39,Severe,1,5,1168.176,0.22842868363786198,1
East Africa,Cotton,40.1,5.67,17.01,238.11,69.48,6.3,Manual,Inorganic,40.6,131,2336.99,0.81,Moderate,1,5,1500.093,0.24481512931592808,1
South India,Soybean,31.24,5.88,22.84,211.54,79.19,8.76,Sprinkler,Inorganic,22.36,130,4375.72,0.38,Severe,1,5,1853.0903999999998,0.2884166129989519,1
Central USA,Soybean,33.9,7.03,34.09,242.59,40.83,4.41,Manual,Organic,6.79,115,4026.44,0.55,Severe,1,5,1069.8219000000001,0.834904851705812,1
North India,Soybean,28.82,5.81,16.67,69.76,86.05,9.85,Sprinkler,Mixed,19.7,138,5338.11,0.87,Mild,3,8,687.1360000000001,0.1937223274569732,0
North India,Rice,13.02,6.37,24.07,202.21,55.46,8.45,Sprinkler,Organic,5.57,90,2655.33,0.73,Mild,1,4,1708.6744999999999,0.4339986657290709,2
Central USA,Rice,36.24,7.25,29.66,79.51,84.99,6.01,Manual,Inorganic,28.57,126,4510.13,0.6,Mild,2,6,477.8551,0.34897812709581016,4
Central USA,Rice,18.93,5.71,26.48,230.69,51.42,7.05,Drip,Organic,16.0,114,5680.91,0.63,Severe,2,6,1626.3645,0.5149647031368507,1
South India,Maize,18.69,7.33,21.4,256.5,68.58,4.72,Drip,Organic,15.04,115,2275.71,0.49,Moderate,3,6,1210.6799999999998,0.31203977778101805,1
East Africa,Cotton,10.28,5.9,26.28,125.98,71.14,6.78,Manual,Organic,37.96,140,2980.51,0.62,Moderate,3,8,854.1444,0.3694072335221602,3
Central USA,Wheat,36.56,6.25,29.76,126.88,50.26,9.9,Manual,Inorganic,48.25,107,2372.11,0.72,Moderate,1,5,1256.112,0.5921091900280536,3
South USA,Wheat,30.33,6.51,27.74,148.59,69.59,4.37,Sprinkler,Organic,18.13,115,4802.9,0.44,Mild,2,6,649.3383,0.3986147634033136,0
South India,Soybean,13.81,5.71,23.99,128.51,46.04,6.15,Sprinkler,Inorganic,18.87,97,2361.68,0.66,Mild,2,6,790.3365,0.5210573184770096,2
Central USA,Rice,13.19,6.0,22.11,178.36,73.86,5.56,Sprinkler,Organic,47.84,137,4200.48,0.38,Moderate,2,7,991.6816,0.29934606896738464,2
North India,Rice,14.58,7.15,22.44,207.57,72.23,7.49,Manual,Organic,5.98,147,4583.95,0.79,Moderate,1,6,1554.6993,0.3106699339618723,2
North India,Cotton,11.77,7.35,23.66,231.11,64.81,6.3,Manual,Organic,20.93,107,3784.05,0.45,Moderate,1,4,1455.993,0.3650614864760611,0
South USA,Cotton,40.9,6.46,16.75,145.75,60.96,7.86,Sprinkler,Mixed,49.73,91,5957.61,0.59,Moderate,3,6,1145.595,0.27476583389380094,2
South USA,Maize,16.29,6.14,19.38,273.94,78.93,4.35,Manual,Mixed,21.08,100,2400.54,0.77,Severe,3,6,1191.639,0.245530906741331,0
South India,Soybean,39.63,7.09,22.1,259.81,82.26,5.06,Manual,Mixed,36.39,135,4802.24,0.89,Severe,3,7,1314.6386,0.2686570792963859,4
East Africa,Maize,16.14,5.58,16.12,200.42,41.0,6.87,Manual,Mixed,14.07,135,2709.84,0.72,Mild,1,5,1376.8854,0.39316114241116074,0
North India,Soybean,40.12,7.42,22.47,285.48,59.78,4.61,Manual,Inorganic,11.14,150,3747.47,0.88,Moderate,1,6,1316.0628000000002,0.37587193255382145,4
South India,Soybean,38.51,6.26,29.68,123.63,48.89,4.01,Manual,Mixed,6.46,148,5235.23,0.6,Moderate,3,8,495.75629999999995,0.6070646949336279,4
North India,Rice,22.14,6.14,27.72,290.77,81.08,8.02,Manual,Inorganic,5.51,134,2271.18,0.33,Severe,1,5,2331.9754,0.34188034188034183,1
South USA,Rice,40.96,6.49,22.57,186.51,45.07,6.88,Sprinkler,Organic,25.31,91,3274.87,0.53,Moderate,1,4,1283.1888,0.5007654589425573,0
East Africa,Wheat,21.83,7.47,32.86,226.13,61.57,7.92,Manual,Organic,7.41,102,3637.12,0.46,Moderate,2,5,1790.9496,0.5336928099267513,1
Central USA,Rice,13.36,6.29,25.99,172.74,42.73,4.02,Drip,Inorganic,42.08,120,2798.7,0.89,Severe,3,7,694.4148,0.6082235379466898,2
North India,Maize,37.47,6.44,32.9,116.25,72.09,6.33,Manual,Inorganic,21.62,106,3758.96,0.34,Moderate,2,5,735.8625,0.45636764644685185,0
North India,Maize,38.29,6.33,30.13,106.88,43.05,6.32,Drip,Mixed,35.92,146,2942.57,0.73,Mild,2,7,675.4816,0.6998675988943347,2
North India,Cotton,16.05,7.47,34.44,252.12,46.31,6.54,Manual,Organic,49.88,143,4380.19,0.34,Severe,3,7,1648.8648,0.7436678111031936,1
East Africa,Cotton,29.32,7.21,25.39,279.29,40.62,8.2,Manual,Organic,23.65,127,4330.71,0.36,Moderate,1,5,2290.178,0.6250461583909801,1
East Africa,Maize,40.73,6.03,28.1,193.01,63.65,5.03,Manual,Organic,32.82,115,2155.13,0.33,Severe,3,7,970.8403,0.4414698904966144,1
Central USA,Maize,10.71,7.13,21.06,120.09,64.58,8.18,Drip,Organic,11.05,139,5303.29,0.35,Severe,3,8,982.3362,0.32610210433409204,1
South India,Cotton,35.93,7.02,32.34,255.25,65.76,4.95,Manual,Mixed,27.81,144,4097.14,0.42,Moderate,1,6,1263.4875,0.4917808427487416,2
South India,Wheat,25.98,7.34,29.09,118.49,81.18,7.03,Drip,Mixed,6.38,128,3784.41,0.4,Moderate,2,6,832.9847,0.35833507840504547,4
North India,Maize,10.96,5.6,32.08,244.96,50.72,5.33,Sprinkler,Mixed,14.3,122,2080.21,0.58,Mild,3,7,1305.6368,0.6324796435401511,1
South India,Soybean,38.03,5.95,27.17,285.75,75.64,8.26,Manual,Inorganic,45.3,106,2872.84,0.54,Moderate,2,5,2360.295,0.3591967319310956,1
North India,Soybean,44.98,7.43,31.79,190.36,69.69,5.7,Drip,Inorganic,7.87,110,5445.97,0.69,Mild,2,6,1085.0520000000001,0.45615646209697086,1
South India,Soybean,36.79,7.3,31.11,250.59,70.0,7.96,Sprinkler,Mixed,6.15,106,5627.65,0.72,Mild,2,5,1994.6964,0.44442222253967795,4
Central USA,Rice,34.02,6.78,24.51,285.17,57.92,5.8,Sprinkler,Mixed,44.44,96,3883.12,0.76,Mild,1,4,1653.986,0.423162583518931,2
Central USA,Wheat,17.78,5.95,32.43,155.12,84.34,6.23,Manual,Inorganic,43.3,145,4537.59,0.37,Severe,2,6,966.3976000000001,0.3845104990455413,4
East Africa,Maize,24.46,7.24,18.02,298.09,57.13,9.92,Manual,Organic,19.24,139,2323.25,0.68,Moderate,3,7,2957.0528,0.3154154487056064,4
South USA,Maize,17.33,7.05,26.53,89.61,79.26,8.68,Sprinkler,Mixed,24.52,117,5861.31,0.74,Moderate,2,6,777.8148,0.33471694780535194,0
Central USA,Soybean,16.67,6.85,27.53,112.21,74.68,6.07,Sprinkler,Organic,22.26,100,2261.15,0.74,Moderate,3,6,681.1147,0.36863459246662467,0
South USA,Rice,22.0,7.3,22.19,97.11,87.4,9.51,Manual,Organic,15.28,103,4936.31,0.73,Moderate,3,6,923.5160999999999,0.25388725529456185,4
South USA,Maize,36.99,6.75,26.88,61.99,45.41,9.02,Drip,Mixed,10.21,97,4189.13,0.71,Moderate,2,5,559.1498,0.591927066129352,3
Central USA,Cotton,33.16,6.82,20.4,201.41,46.86,8.98,Drip,Mixed,37.34,97,5139.04,0.46,Mild,1,4,1808.6618,0.43533001856554493,0
Central USA,Cotton,20.34,5.58,24.93,101.92,86.66,5.98,Drip,Organic,35.22,126,4676.09,0.35,Moderate,1,6,609.4816000000001,0.287672655519784,1
Central USA,Rice,25.99,7.45,20.28,62.52,80.66,9.24,Manual,Inorganic,41.07,137,2463.6,0.69,Moderate,2,6,577.6848,0.2514226205973147,0
Central USA,Cotton,43.43,6.04,29.66,143.16,57.14,4.68,Manual,Inorganic,17.23,144,3912.98,0.37,Moderate,2,7,669.9888,0.5190668696732644,1
South India,Wheat,24.56,6.68,31.05,219.6,49.06,6.28,Manual,Mixed,6.3,136,5893.78,0.83,Severe,3,8,1379.088,0.6328855914066163,4
North India,Wheat,19.16,6.13,29.09,219.48,78.38,7.46,Sprinkler,Mixed,44.29,134,4802.32,0.59,Severe,3,7,1637.3208,0.37113586200737425,2
South India,Soybean,41.22,6.73,15.23,283.59,65.28,6.82,Manual,Organic,8.37,105,3323.58,0.69,Severe,2,5,1934.0837999999999,0.23329912225609287,0
South India,Wheat,26.07,7.1,23.96,264.15,62.35,4.71,Manual,Mixed,34.4,116,2143.33,0.66,Moderate,1,5,1244.1464999999998,0.38427611425638725,0
East Africa,Soybean,17.24,6.84,34.01,140.84,42.71,5.34,Sprinkler,Inorganic,30.21,120,4866.63,0.76,Mild,3,7,752.0856,0.7962819882465875,3
North India,Maize,22.43,6.77,31.0,186.92,58.69,4.64,Sprinkler,Inorganic,11.32,136,3636.84,0.86,Severe,3,8,867.3087999999999,0.5281900120972551,4
South India,Cotton,38.86,5.88,21.76,239.29,42.33,7.8,Drip,Inorganic,25.58,98,5855.42,0.86,Severe,3,6,1866.462,0.5140440811698284,4
East Africa,Rice,34.21,5.85,31.3,75.89,72.88,7.64,Manual,Mixed,44.66,148,4770.06,0.88,Severe,2,7,579.7995999999999,0.42946721367709007,2
South India,Rice,24.45,6.9,29.97,124.73,75.07,9.16,Sprinkler,Organic,14.44,133,3381.17,0.87,Moderate,3,7,1142.5268,0.3992220697739473,1
North India,Maize,29.68,6.67,33.85,227.53,73.71,9.36,Manual,Inorganic,41.37,91,3523.48,0.75,Mild,3,6,2129.6808,0.4592258957279104,4
Central USA,Maize,15.12,5.62,30.69,101.0,67.06,6.15,Manual,Organic,32.72,125,5459.37,0.61,Moderate,3,7,621.1500000000001,0.45764304141005946,4
North India,Cotton,23.56,7.41,34.52,128.16,67.61,4.08,Manual,Organic,32.93,104,5645.95,0.65,Mild,2,6,522.8928,0.5105678070136517,3
South India,Maize,25.71,7.47,16.49,290.62,76.75,4.72,Drip,Inorganic,17.56,100,4335.94,0.86,Moderate,2,5,1371.7264,0.2148506208388164,0
South India,Maize,30.89,7.05,27.51,260.78,55.06,8.74,Manual,Organic,40.28,104,5827.95,0.55,Severe,2,5,2279.2171999999996,0.4996276856577251,0
North India,Maize,17.74,5.93,21.64,140.2,50.92,8.52,Manual,Mixed,42.07,97,4675.75,0.85,Mild,3,6,1194.504,0.4249720154749514,2
North India,Maize,23.35,7.09,17.27,114.15,76.2,4.15,Manual,Mixed,41.13,92,3185.74,0.87,Mild,2,5,473.7225000000001,0.22663744570281227,0
East Africa,Soybean,10.26,5.63,28.41,243.4,83.25,6.55,Drip,Organic,29.2,139,3740.95,0.58,Moderate,3,8,1594.27,0.3412571620761312,3
North India,Wheat,12.56,5.86,20.04,67.61,81.08,9.47,Manual,Inorganic,25.3,110,2067.56,0.73,Moderate,2,6,640.2667,0.24716024716024715,0
East Africa,Wheat,34.53,5.65,33.56,76.53,79.34,5.81,Drip,Inorganic,39.44,115,5288.49,0.38,Severe,2,6,444.6393,0.4229843334467677,4
East Africa,Maize,43.6,5.79,28.55,278.54,79.75,8.38,Manual,Organic,29.91,97,2167.09,0.87,Moderate,3,6,2334.1652000000004,0.35798924151421296,4
South India,Maize,17.41,7.31,32.03,85.61,49.2,7.7,Manual,Organic,10.16,126,5409.0,0.63,Moderate,3,7,659.197,0.6510030283937318,1
Central USA,Wheat,18.77,5.89,26.61,287.88,57.86,8.03,Sprinkler,Organic,17.83,110,3943.44,0.65,Moderate,1,4,2311.6764,0.45989526624150984,4
Central USA,Cotton,15.9,6.13,30.71,228.05,72.04,5.66,Manual,Organic,35.58,119,3781.43,0.41,Moderate,2,6,1290.7630000000001,0.42628503213447894,2
Central USA,Rice,41.2,5.89,29.67,206.65,76.37,9.35,Drip,Mixed,31.05,148,2146.63,0.58,Mild,3,8,1932.1775,0.3884982519542758,1
Central USA,Cotton,17.82,7.04,29.66,122.75,63.24,7.06,Manual,Inorganic,27.6,144,5856.0,0.4,Mild,3,7,866.6149999999999,0.4689995414367262,3
South USA,Maize,11.41,7.02,19.63,116.09,51.7,8.01,Manual,Inorganic,26.14,92,5922.36,0.68,Moderate,2,5,929.8809,0.3796831782750817,2
Central USA,Soybean,29.05,5.85,28.07,141.32,72.67,9.01,Manual,Inorganic,48.77,115,3411.59,0.83,Moderate,1,5,1273.2931999999998,0.38626136973483227,2
East Africa,Rice,25.4,5.96,25.29,120.2,47.51,4.94,Drip,Mixed,15.37,97,3926.07,0.69,Severe,2,5,593.788,0.5322977836711499,2
North India,Rice,11.51,6.65,18.22,207.39,41.96,7.43,Drip,Organic,16.62,115,4397.43,0.74,Moderate,1,5,1540.9076999999997,0.4342127213364791,1
North India,Rice,25.72,7.49,32.35,92.64,81.52,7.61,Sprinkler,Mixed,34.68,136,4742.36,0.53,Mild,2,6,704.9904,0.396830264594399,4
North India,Wheat,17.08,7.22,25.09,154.95,47.48,4.58,Manual,Mixed,31.99,138,2470.07,0.62,Moderate,3,8,709.6709999999999,0.5284218950738191,1
South USA,Soybean,24.72,7.25,28.95,157.24,86.92,6.89,Manual,Inorganic,31.51,143,4786.83,0.76,Moderate,3,8,1083.3836000000001,0.33306105544114767,4
Central USA,Soybean,40.69,6.32,18.78,227.29,79.47,7.47,Drip,Mixed,5.32,134,5217.15,0.69,Moderate,3,7,1697.8563,0.2363126171811101,4
Central USA,Soybean,24.82,6.23,20.51,220.15,77.75,6.48,Manual,Organic,21.66,106,5954.03,0.74,Moderate,3,6,1426.5720000000001,0.26379081941068283,2
South India,Cotton,37.41,7.4,17.01,177.09,79.3,8.81,Drip,Organic,22.51,141,2364.35,0.35,Moderate,3,7,1560.1629,0.2144991866432958,2
South India,Maize,12.8,5.58,22.69,296.11,70.7,7.13,Drip,Organic,33.81,102,5402.27,0.77,Mild,2,5,2111.2643000000003,0.3209289826169361,4
East Africa,Rice,33.59,6.22,28.1,293.91,44.34,5.66,Manual,Inorganic,35.13,102,4070.97,0.63,Moderate,2,5,1663.5306000000003,0.6337249949256896,1
Central USA,Maize,17.92,7.43,24.1,150.99,40.23,5.05,Drip,Mixed,8.26,150,2468.04,0.79,Moderate,2,7,762.4995,0.5990405408764387,1
South USA,Cotton,29.71,7.04,30.15,290.31,62.94,6.76,Drip,Inorganic,10.23,130,5154.62,0.49,Moderate,1,5,1962.4956,0.47902003463561116,3
East Africa,Soybean,10.34,7.16,19.97,73.25,73.68,8.93,Drip,Mixed,46.91,112,2874.26,0.71,Mild,2,6,654.1225,0.2710332378767931,2
South USA,Rice,18.22,5.98,20.31,107.3,81.75,9.02,Manual,Organic,40.05,133,5823.12,0.62,Moderate,1,5,967.8459999999999,0.2484373279837555,1
South USA,Maize,31.72,6.48,34.71,274.25,83.44,6.94,Manual,Inorganic,14.99,93,4102.94,0.6,Severe,3,6,1903.295,0.41598255054469624,4
South India,Cotton,44.18,6.9,24.2,222.3,40.59,5.26,Drip,Inorganic,21.27,125,3051.4,0.52,Severe,2,6,1169.298,0.596191273927718,2
South USA,Rice,24.67,7.0,22.3,150.15,62.54,7.43,Sprinkler,Organic,37.44,117,5425.23,0.39,Moderate,1,5,1115.6145,0.3565660926432261,2
South India,Cotton,27.49,7.49,31.99,179.25,76.03,8.71,Manual,Inorganic,30.3,115,2395.9,0.59,Moderate,3,6,1561.2675000000002,0.4207494311530822,2
South USA,Maize,19.09,6.22,26.15,252.5,57.21,6.47,Manual,Mixed,48.34,126,4599.46,0.51,Severe,1,5,1633.675,0.4570799321808743,2
South USA,Wheat,23.34,6.07,27.63,86.21,48.38,8.85,Manual,Inorganic,33.41,144,5628.29,0.49,Moderate,3,8,762.9585,0.5710919575866559,0
Central USA,Soybean,32.56,6.04,23.9,265.7,58.16,7.52,Manual,Inorganic,12.53,136,2938.51,0.35,Mild,1,5,1998.0639999999999,0.4109282852770757,1
South USA,Wheat,13.34,7.37,24.46,63.46,78.55,7.14,Drip,Organic,16.81,131,5726.36,0.47,Mild,1,5,453.1044,0.3113900523226948,0
South India,Soybean,39.35,5.56,28.27,265.09,56.26,6.86,Manual,Mixed,25.02,101,4363.32,0.64,Moderate,3,6,1818.5174,0.5024795151170438,1
Central USA,Cotton,28.89,7.11,23.84,141.45,52.99,5.82,Drip,Mixed,41.69,108,3876.79,0.75,Moderate,1,4,823.2389999999999,0.44988771678209505,3
North India,Cotton,37.93,6.69,30.94,187.05,49.43,9.29,Manual,Inorganic,16.25,131,3558.89,0.68,Moderate,3,8,1737.6944999999998,0.6259230037830512,0
Central USA,Soybean,38.31,6.33,32.07,95.6,54.48,7.82,Manual,Inorganic,36.52,110,2077.58,0.88,Moderate,2,5,747.592,0.5886455828637507,3
Central USA,Rice,35.03,6.95,19.66,87.67,64.68,6.05,Manual,Inorganic,49.91,140,2126.95,0.33,Severe,2,7,530.4035,0.30395324747607483,1
North India,Soybean,26.46,5.88,31.83,254.31,81.41,4.73,Sprinkler,Inorganic,39.71,137,5978.14,0.61,Mild,2,6,1202.8863000000001,0.3909791060176143,2
South USA,Cotton,33.85,6.12,21.46,207.29,42.11,9.62,Drip,Inorganic,26.66,113,5550.08,0.44,Severe,2,5,1994.1297999999997,0.5096055662415996,1
Central USA,Wheat,15.86,6.05,17.39,247.29,40.45,4.25,Manual,Mixed,31.83,95,2994.89,0.86,Moderate,2,5,1050.9825,0.429902845417913,2
North India,Maize,32.56,6.9,30.83,81.46,51.63,9.89,Manual,Inorganic,37.99,114,3432.67,0.72,Moderate,1,5,805.6394,0.5971218841393736,0
East Africa,Cotton,16.64,5.87,21.95,233.1,53.77,8.99,Sprinkler,Organic,28.9,142,3053.4,0.6,Mild,2,7,2095.569,0.4082126053076937,2
North India,Soybean,39.99,7.05,19.78,230.25,72.91,7.23,Sprinkler,Organic,28.58,125,2616.53,0.37,Severe,2,6,1664.7075000000002,0.27128965451029335,2
North India,Rice,16.25,5.56,17.14,97.9,41.59,7.85,Manual,Mixed,27.05,127,3023.75,0.31,Mild,3,7,768.515,0.41210838883412276,2
South USA,Wheat,26.38,6.78,22.22,235.87,84.52,8.93,Drip,Mixed,16.96,94,5337.83,0.36,Mild,1,4,2106.3191,0.2628932454656239,1
East Africa,Cotton,16.63,6.55,19.98,206.33,48.94,8.5,Manual,Mixed,9.75,112,4697.97,0.4,Mild,3,7,1753.805,0.40824666435095325,1
East Africa,Cotton,27.66,6.82,25.68,199.98,86.68,9.41,Manual,Inorganic,23.56,142,4903.47,0.76,Moderate,3,8,1881.8118,0.2962586956772533,4
Central USA,Cotton,25.66,6.29,29.53,295.74,69.79,7.11,Manual,Organic,18.52,144,3259.62,0.64,Mild,1,5,2102.7114,0.42312045965812206,3
North India,Wheat,26.11,5.81,20.3,272.41,52.49,5.54,Manual,Organic,30.67,136,2308.81,0.8,Moderate,3,7,1509.1514000000002,0.386732963746166,3
East Africa,Maize,11.31,7.12,22.63,245.03,86.09,6.01,Manual,Inorganic,46.86,139,2906.87,0.33,Mild,1,6,1472.6303,0.2628613908538639,1
Central USA,Soybean,29.77,6.15,28.96,88.3,73.68,9.98,Manual,Mixed,30.89,117,3159.13,0.59,Moderate,1,5,881.234,0.39304569699108316,0
East Africa,Cotton,19.19,6.3,23.69,224.47,78.1,6.89,Sprinkler,Inorganic,22.79,125,4463.99,0.46,Severe,3,7,1546.5982999999999,0.3033251814957555,4
Central USA,Soybean,13.14,6.84,23.47,137.08,56.04,7.56,Drip,Inorganic,12.62,142,5960.64,0.85,Mild,2,7,1036.3248,0.41880052104709053,4
South India,Maize,15.46,6.96,16.72,234.9,52.15,7.73,Sprinkler,Inorganic,5.62,97,3220.47,0.62,Mild,3,7,1815.777,0.3206074667791605,0
East Africa,Soybean,36.26,6.6,27.46,298.08,74.75,8.01,Manual,Mixed,45.77,106,2681.28,0.46,Severe,3,6,2387.6207999999997,0.36735294511110217,2
North India,Wheat,23.6,6.04,32.04,215.03,83.21,4.11,Manual,Organic,49.09,96,5615.49,0.41,Severe,3,6,883.7733000000001,0.38504524642174714,3
East Africa,Wheat,11.39,7.34,21.1,172.48,77.22,4.11,Manual,Inorganic,33.14,107,5247.57,0.9,Moderate,1,5,708.8928,0.2732417347612696,0
East Africa,Maize,17.9,6.18,22.86,84.32,76.49,7.12,Sprinkler,Inorganic,15.82,109,5638.94,0.69,Mild,1,5,600.3584,0.2988586892575597,4
South India,Maize,34.1,7.3,33.19,157.52,85.45,8.62,Sprinkler,Inorganic,8.05,97,2736.54,0.83,Severe,3,6,1357.8224,0.38840973189313166,1
South USA,Maize,25.51,7.37,32.88,283.31,53.69,8.67,Drip,Organic,13.31,107,4422.42,0.71,Moderate,3,7,2456.2977,0.612393138514835,0
North India,Cotton,14.69,7.19,24.38,212.39,49.2,6.32,Manual,Organic,12.37,116,5058.16,0.43,Mild,1,4,1342.3048,0.49551838377268753,1
South India,Wheat,16.2,7.41,23.79,204.26,74.39,9.2,Sprinkler,Inorganic,23.22,137,5297.31,0.64,Moderate,1,6,1879.1919999999998,0.31979674960680726,2
East Africa,Wheat,25.81,7.15,15.85,298.96,65.94,6.37,Drip,Mixed,22.43,102,3164.72,0.47,Mild,3,6,1904.3752,0.2403663881348478,1
South USA,Maize,31.46,5.61,25.34,85.56,81.49,6.71,Drip,Organic,40.04,98,3572.27,0.65,Mild,3,6,574.1076,0.310954583941785,4
South USA,Wheat,18.75,6.88,33.14,249.12,75.92,4.74,Drip,Mixed,25.22,123,4829.12,0.87,Severe,2,6,1180.8288,0.43650636846195384,3
East Africa,Cotton,11.54,5.84,21.7,267.83,83.13,4.97,Sprinkler,Organic,39.61,109,3238.07,0.41,Mild,1,5,1331.1150999999998,0.2610337900422225,3
South India,Wheat,31.79,6.01,24.17,263.85,67.18,4.03,Manual,Organic,14.76,119,3640.61,0.83,Moderate,3,7,1063.3155000000002,0.35977434095949745,4
East Africa,Soybean,38.7,5.92,18.7,63.77,57.45,4.87,Drip,Mixed,31.01,111,5681.54,0.4,Moderate,3,6,310.5599,0.32549476945571004,2
East Africa,Soybean,30.03,6.62,34.33,237.33,58.01,4.22,Manual,Inorganic,21.59,94,5033.77,0.37,Moderate,2,5,1001.5326,0.5917843167675096,0
Central USA,Soybean,24.48,5.92,19.18,64.55,68.57,9.88,Drip,Inorganic,37.58,135,3148.75,0.67,Mild,3,8,637.754,0.27971008152134286,2
East Africa,Soybean,27.37,6.96,24.95,252.0,84.18,5.4,Manual,Organic,5.07,130,5186.93,0.55,Moderate,1,5,1360.8000000000002,0.29638517005024884,1
Central USA,Soybean,38.21,5.92,27.81,222.5,52.72,4.41,Manual,Mixed,29.75,133,3333.13,0.32,Mild,1,5,981.225,0.5274937880540961,1
South India,Maize,39.18,7.34,24.58,168.63,41.78,4.81,Sprinkler,Mixed,25.73,119,5135.96,0.61,Moderate,3,7,811.1102999999999,0.5883056891888657,3
East Africa,Soybean,10.66,6.65,21.63,279.05,79.79,4.4,Sprinkler,Inorganic,42.83,130,4137.09,0.66,Moderate,2,6,1227.8200000000002,0.27108320487272997,4
Central USA,Wheat,19.5,5.67,32.54,142.9,81.47,5.82,Manual,Organic,10.05,102,5653.42,0.84,Mild,1,5,831.6780000000001,0.3994059235801696,2
South India,Maize,42.33,6.96,25.47,243.88,47.16,9.23,Sprinkler,Organic,37.61,135,5459.24,0.71,Moderate,2,6,2251.0124,0.5400648841203537,2
Central USA,Cotton,41.12,5.71,30.32,236.39,41.12,8.55,Sprinkler,Inorganic,14.02,124,3276.6,0.39,Mild,2,6,2021.1345000000001,0.7373361542764039,4
North India,Soybean,29.59,5.7,25.85,187.34,53.55,9.66,Manual,Mixed,16.02,129,5568.97,0.84,Moderate,1,5,1809.7044,0.4827174095721836,0
North India,Cotton,11.88,6.35,18.58,199.03,69.64,9.02,Manual,Mixed,21.0,102,4851.59,0.85,Severe,2,6,1795.2505999999998,0.26679685817262816,3
East Africa,Rice,13.25,7.1,28.97,74.32,55.52,7.87,Manual,Inorganic,15.43,145,5582.8,0.72,Moderate,1,5,584.8983999999999,0.5217845499900938,3
Central USA,Cotton,27.06,5.63,17.26,169.66,82.29,5.69,Manual,Mixed,30.86,115,5270.21,0.34,Moderate,3,6,965.3654,0.20974347133951465,0
East Africa,Cotton,24.03,6.33,27.42,186.99,88.69,6.3,Manual,Organic,41.63,140,5920.82,0.7,Moderate,3,8,1178.037,0.3091632747403908,4
East Africa,Cotton,14.0,6.69,21.51,74.41,62.26,5.85,Manual,Organic,31.92,128,5085.37,0.34,Mild,3,8,435.29849999999993,0.34548111980212337,2
South India,Soybean,41.61,6.77,15.0,86.68,47.46,7.19,Manual,Mixed,31.01,133,5509.7,0.48,Severe,1,5,623.2292000000001,0.3160489665198795,1
Central USA,Wheat,30.4,6.72,25.21,261.91,82.63,4.37,Drip,Organic,36.65,145,3128.84,0.54,Moderate,2,6,1144.5467,0.30509130955694597,2
South USA,Cotton,23.35,6.59,28.25,168.72,49.41,6.31,Manual,Inorganic,11.94,98,2046.41,0.59,Severe,3,6,1064.6232,0.5717350387565523,2
South India,Wheat,14.8,7.11,32.2,273.4,74.77,9.58,Sprinkler,Inorganic,27.92,118,3538.86,0.65,Mild,3,7,2619.172,0.43064824597771867,2
East Africa,Maize,24.38,6.59,22.34,294.56,68.41,8.23,Drip,Mixed,26.67,99,4920.74,0.77,Severe,3,6,2424.2288000000003,0.32655567087164344,1
East Africa,Wheat,28.32,6.72,19.9,207.67,73.19,8.01,Manual,Mixed,7.37,139,2043.13,0.74,Severe,2,7,1663.4366999999997,0.2718913527619516,4
Central USA,Maize,20.12,5.57,33.46,237.36,76.35,7.38,Drip,Mixed,26.29,93,4625.28,0.47,Moderate,1,4,1751.7168000000001,0.4382391848174877,1
South India,Soybean,12.69,7.07,20.04,203.95,53.76,5.54,Drip,Mixed,12.86,99,4636.62,0.72,Severe,3,7,1129.883,0.3727609233459199,3
South India,Soybean,40.17,6.19,16.69,86.27,86.7,4.92,Manual,Inorganic,39.67,118,4904.0,0.51,Moderate,1,5,424.4484,0.1925006631988097,2
North India,Wheat,15.87,6.3,21.03,236.54,77.62,7.2,Manual,Mixed,36.75,99,4121.77,0.57,Moderate,2,5,1703.088,0.27093183545689953,2
East Africa,Wheat,13.41,6.56,22.08,261.06,70.52,7.91,Manual,Inorganic,17.16,131,4336.71,0.74,Mild,1,5,2064.9846000000002,0.31309822606032245,1
East Africa,Maize,33.72,7.49,21.27,52.64,40.42,4.41,Manual,Organic,28.64,112,2877.67,0.67,Mild,3,7,232.1424,0.5262116226713837,0
East Africa,Rice,43.27,6.78,29.16,79.99,82.82,4.78,Sprinkler,Organic,36.3,119,4641.91,0.47,Severe,2,6,382.3522,0.3520846162205238,1
Central USA,Maize,15.67,5.65,30.54,145.7,56.63,4.36,Manual,Organic,24.83,129,3570.54,0.56,Moderate,2,6,635.252,0.5392806060285003,0
South USA,Maize,13.62,5.65,26.43,112.65,62.29,9.38,Sprinkler,Mixed,33.82,114,3065.75,0.3,Severe,1,5,1056.6570000000002,0.4242988553723652,0
South USA,Cotton,24.14,6.96,31.25,67.52,51.29,6.31,Manual,Organic,30.53,133,3211.31,0.35,Moderate,2,6,426.05119999999994,0.6092686826148838,1
North India,Cotton,36.62,6.08,19.06,188.62,88.38,7.96,Manual,Mixed,22.55,134,3437.04,0.41,Moderate,1,6,1501.4152000000001,0.21565721139158867,3
South India,Wheat,35.19,6.69,24.78,65.75,67.03,5.85,Manual,Organic,6.67,140,4884.05,0.7,Severe,1,5,384.6375,0.3696797004371112,2
East Africa,Rice,35.94,5.97,16.44,233.86,64.44,4.11,Drip,Organic,36.56,101,4530.65,0.67,Severe,1,4,961.1646000000002,0.2551170838441365,3
North India,Wheat,27.4,7.1,19.41,251.11,61.31,8.87,Manual,Inorganic,10.44,124,2549.32,0.33,Mild,3,7,2227.3457,0.31658266868914225,3
Central USA,Wheat,14.23,5.78,23.3,224.07,67.67,6.63,Drip,Organic,9.5,114,5110.65,0.3,Moderate,3,7,1485.5841,0.3443129257732263,3
East Africa,Maize,24.57,7.11,30.45,223.09,50.31,7.84,Manual,Inorganic,15.77,134,2150.48,0.35,Moderate,1,6,1749.0256,0.6052354355906263,1
Central USA,Cotton,10.16,5.97,17.35,182.55,44.78,6.17,Sprinkler,Inorganic,39.66,107,2212.28,0.88,Severe,3,6,1126.3335,0.3874411022531878,1
South USA,Rice,15.59,7.35,16.08,141.05,50.48,5.51,Manual,Organic,9.7,101,2632.18,0.84,Severe,1,4,777.1855,0.3185356866940037,4
East Africa,Soybean,21.41,5.9,28.54,131.42,78.95,5.96,Drip,Organic,38.2,147,2882.65,0.56,Mild,1,6,783.2631999999999,0.36149003812491287,4
East Africa,Cotton,16.23,6.25,24.15,98.54,57.93,5.62,Manual,Organic,6.44,107,2546.01,0.51,Moderate,3,6,553.7948,0.41687524814002863,4
East Africa,Rice,37.63,6.78,27.23,92.48,88.51,9.13,Drip,Inorganic,43.56,103,4366.32,0.74,Mild,2,6,844.3424000000001,0.3076453774107173,2
South India,Maize,25.2,5.94,33.55,286.56,85.69,9.39,Manual,Organic,6.8,139,4016.87,0.78,Moderate,2,7,2690.7984,0.3915230304232649,4
South USA,Cotton,18.42,6.62,15.25,232.95,87.5,4.8,Manual,Organic,34.14,120,4676.14,0.75,Moderate,1,4,1118.1599999999999,0.17428372247174317,1
South USA,Cotton,37.01,7.25,23.11,247.46,58.52,6.79,Drip,Mixed,8.18,123,2130.86,0.67,Mild,3,7,1680.2534,0.3949009757181183,1
North India,Soybean,40.83,6.97,16.1,286.33,73.73,9.33,Drip,Inorganic,21.45,113,3465.73,0.73,Mild,3,6,2671.4589,0.21836134054875153,4
South India,Maize,18.35,5.73,24.57,284.79,69.01,9.75,Sprinkler,Mixed,39.24,147,3069.43,0.51,Severe,2,7,2776.7025000000003,0.3560301980843633,0
East Africa,Soybean,39.03,6.44,25.64,256.34,84.97,6.71,Manual,Mixed,47.54,147,5535.92,0.47,Moderate,1,6,1720.0413999999998,0.3017500088265408,2
North India,Rice,19.66,6.89,24.93,268.75,66.03,7.76,Manual,Inorganic,48.63,120,3386.8,0.41,Moderate,3,7,2085.5,0.3775499386651724,3
South India,Soybean,32.56,6.32,21.86,211.51,56.32,7.56,Manual,Inorganic,18.68,109,2686.95,0.47,Moderate,1,5,1599.0156,0.3881323129916017,0
South India,Maize,19.95,7.41,27.37,90.2,66.77,5.09,Sprinkler,Mixed,36.18,99,2645.02,0.38,Moderate,3,7,459.118,0.4099084932081293,0
Central USA,Rice,17.18,6.91,28.31,294.51,47.4,6.69,Sprinkler,Mixed,18.57,149,3997.67,0.39,Moderate,1,6,1970.2719,0.5972447838653193,1
Central USA,Cotton,41.36,7.44,30.08,298.52,73.34,8.8,Manual,Inorganic,36.01,147,2160.32,0.67,Mild,3,8,2626.976,0.4101389400199069,0
South USA,Maize,13.24,5.61,27.83,195.86,51.11,9.61,Manual,Organic,6.01,118,4708.25,0.59,Moderate,3,7,1882.2146,0.5445011836982254,3
Central USA,Cotton,15.18,7.21,22.39,143.21,54.23,6.11,Manual,Mixed,8.94,137,5970.39,0.88,Severe,3,7,875.0131000000001,0.41286349136102973,2
South USA,Rice,39.24,6.7,17.87,125.81,89.42,7.15,Manual,Organic,46.99,114,2353.79,0.4,Severe,3,7,899.5415,0.19984120061283142,4
East Africa,Rice,16.97,7.16,20.79,172.65,81.14,5.81,Manual,Inorganic,30.17,91,5164.88,0.8,Severe,2,5,1003.0965,0.2562206529374792,2
North India,Maize,24.6,6.48,28.76,111.19,45.97,5.66,Drip,Mixed,38.55,126,3744.27,0.72,Moderate,3,7,629.3354,0.6256117987426857,4
Central USA,Soybean,35.65,5.54,20.19,195.41,47.31,6.77,Sprinkler,Inorganic,12.35,116,4544.99,0.68,Severe,2,6,1322.9257,0.426750649954556,0
East Africa,Rice,36.83,5.87,16.89,238.16,67.19,9.23,Manual,Inorganic,35.84,96,4137.68,0.61,Moderate,3,6,2198.2168,0.25137295173460733,3
South USA,Cotton,21.91,7.32,17.05,88.64,51.06,5.13,Drip,Inorganic,25.72,142,2524.93,0.52,Severe,1,5,454.7232,0.3339143377528838,4
East Africa,Soybean,36.73,6.18,29.2,57.19,80.73,5.33,Sprinkler,Mixed,15.2,98,5924.44,0.35,Severe,1,4,304.8227,0.3616950118294087,1
South USA,Wheat,16.87,5.57,28.2,198.29,63.45,9.45,Drip,Organic,18.57,96,5129.48,0.41,Moderate,1,4,1873.8404999999998,0.44443743991426454,2
North India,Wheat,15.09,6.99,20.55,194.94,57.61,9.13,Sprinkler,Mixed,30.66,127,5052.98,0.4,Moderate,1,6,1779.8022,0.35670271302355455,1
North India,Rice,42.22,7.2,24.49,224.53,49.26,8.04,Drip,Organic,42.56,103,4057.0,0.37,Moderate,2,5,1805.2211999999997,0.49714784515133675,2
East Africa,Rice,27.35,6.22,20.77,230.53,44.11,6.96,Manual,Inorganic,25.56,133,5904.72,0.89,Severe,3,7,1604.4888,0.4708576092131215,0
South India,Wheat,41.32,7.1,33.78,141.86,40.64,8.04,Drip,Inorganic,24.71,95,2476.87,0.36,Mild,3,6,1140.5544,0.831180335129549,2
North India,Maize,44.13,6.18,26.9,297.67,46.14,9.03,Manual,Inorganic,39.42,107,5025.21,0.59,Severe,3,7,2687.9601,0.5829956004421231,4
South USA,Soybean,19.76,7.04,17.16,112.67,64.86,7.77,Sprinkler,Organic,9.48,94,3992.54,0.71,Mild,1,4,875.4458999999999,0.2645657637100877,3
Central USA,Soybean,31.81,7.02,28.22,179.99,64.61,6.8,Manual,Mixed,27.41,124,3374.46,0.76,Severe,3,7,1223.932,0.43676773304855204,4
North India,Cotton,25.75,7.21,23.85,59.0,48.84,7.96,Manual,Mixed,12.39,109,4862.89,0.59,Severe,2,5,469.64,0.48831923998280136,1
South USA,Soybean,39.9,6.51,22.83,173.67,88.54,7.7,Manual,Inorganic,19.42,92,2512.79,0.32,Moderate,1,4,1337.259,0.25784664731593265,2
South USA,Wheat,24.99,7.48,23.24,64.11,52.21,5.41,Manual,Mixed,8.82,145,3219.65,0.32,Severe,3,7,346.8351,0.4451169293826971,0
East Africa,Soybean,41.55,6.03,28.92,197.0,89.29,6.27,Manual,Inorganic,30.76,134,4700.45,0.7,Mild,2,6,1235.1899999999998,0.3238848260182997,2
East Africa,Maize,22.72,6.37,24.94,261.83,79.36,9.04,Sprinkler,Inorganic,16.93,115,5218.41,0.81,Moderate,2,6,2366.9431999999997,0.31426015297186277,3
East Africa,Maize,19.57,6.63,25.62,156.78,57.37,4.46,Manual,Mixed,41.19,124,3253.41,0.57,Mild,2,6,699.2388,0.44656708092938946,2
North India,Soybean,40.19,6.65,19.26,290.53,77.11,6.8,Manual,Mixed,37.7,102,3457.1,0.76,Severe,1,4,1975.6039999999998,0.2497698123484328,2
South USA,Maize,40.11,7.32,27.68,261.49,53.35,5.72,Sprinkler,Inorganic,35.91,105,2454.23,0.49,Severe,1,4,1495.7228,0.5188281381792281,2
East Africa,Cotton,24.77,7.31,19.04,118.18,41.46,8.74,Manual,Mixed,29.78,92,5855.15,0.84,Moderate,3,6,1032.8932,0.4592267432044572,3
East Africa,Maize,40.35,7.3,23.14,140.86,72.87,4.54,Sprinkler,Organic,10.04,149,2482.57,0.45,Moderate,3,8,639.5044,0.31754744685814656,1
South India,Soybean,14.28,7.11,21.59,196.08,59.5,8.49,Sprinkler,Inorganic,14.81,103,5879.69,0.33,Moderate,1,4,1664.7192000000002,0.3628510445202602,2
North India,Maize,29.1,6.45,19.93,119.43,79.21,4.87,Manual,Mixed,21.55,131,5867.22,0.86,Mild,2,6,581.6241,0.25160646879852544,1
Central USA,Soybean,23.46,6.78,29.01,275.79,74.26,7.21,Sprinkler,Inorganic,22.48,109,2361.0,0.82,Mild,2,5,1988.4459000000002,0.39064919675199633,3
South USA,Maize,40.78,7.03,23.13,58.47,83.32,8.94,Manual,Inorganic,38.16,117,5507.04,0.46,Moderate,2,6,522.7217999999999,0.2776010849605742,0
Central USA,Cotton,31.07,7.13,29.76,163.32,41.37,4.31,Sprinkler,Mixed,24.95,90,3602.65,0.37,Mild,3,6,703.9091999999999,0.7193444683473932,2
East Africa,Rice,39.64,6.87,30.85,129.85,63.92,8.41,Manual,Organic,35.94,108,2794.65,0.53,Mild,2,6,1092.0384999999999,0.4826269926941068,4
North India,Wheat,42.31,6.79,27.53,276.71,88.71,5.19,Sprinkler,Organic,23.05,106,2597.0,0.31,Severe,2,6,1436.1249,0.3103335550269978,0
South USA,Cotton,14.15,6.93,18.81,265.48,79.11,5.73,Manual,Inorganic,10.86,103,5980.83,0.41,Mild,1,5,1521.2004000000002,0.23776718787526385,3
North India,Maize,44.16,5.97,24.02,112.08,69.15,7.88,Drip,Organic,26.1,115,4747.41,0.66,Moderate,2,6,883.1904,0.3473557866119072,4
North India,Soybean,12.06,6.17,19.7,277.06,89.84,9.64,Drip,Organic,16.41,109,5910.1,0.64,Mild,3,6,2670.8584,0.21927627697821706,2
Central USA,Rice,27.63,7.36,32.56,82.98,55.87,7.18,Sprinkler,Inorganic,10.26,121,5486.72,0.56,Moderate,1,5,595.7964,0.5827710261137263,0
East Africa,Maize,28.09,6.37,18.3,234.22,64.56,9.7,Manual,Organic,13.5,101,2143.45,0.37,Severe,1,4,2271.9339999999997,0.28345285853688756,0
North India,Cotton,22.48,6.92,24.7,173.25,82.29,9.2,Drip,Inorganic,9.21,143,2673.18,0.7,Mild,2,6,1593.8999999999999,0.3001543303641953,1
East Africa,Wheat,28.41,6.64,23.33,69.21,78.41,8.06,Manual,Organic,17.79,115,3494.23,0.35,Severe,3,6,557.8326,0.29753478466031547,3
South USA,Maize,30.8,5.51,34.4,214.04,87.54,5.95,Sprinkler,Organic,43.85,110,5192.59,0.53,Severe,3,6,1273.538,0.3929587279103505,2
Central USA,Rice,18.4,7.04,22.98,55.13,50.41,6.33,Manual,Inorganic,34.12,97,3194.19,0.84,Mild,3,6,348.97290000000004,0.4558528892503621,1
Central USA,Wheat,39.12,6.53,24.79,271.35,63.82,7.38,Manual,Organic,39.04,101,3736.42,0.88,Mild,2,5,2002.563,0.38843014054934893,0
South India,Cotton,28.45,6.79,16.68,167.05,43.96,8.81,Manual,Organic,49.29,143,2994.61,0.35,Moderate,3,7,1471.7105000000001,0.37942721958099224,0
East Africa,Wheat,27.87,6.33,24.29,230.08,80.64,6.13,Drip,Mixed,5.73,119,2718.21,0.55,Moderate,3,7,1410.3904,0.3012115425155938,3
Central USA,Soybean,35.34,7.01,24.0,251.96,57.07,9.51,Sprinkler,Organic,13.33,106,5486.46,0.54,Moderate,3,7,2396.1396,0.42052881498484346,4
South India,Cotton,26.11,6.31,28.15,236.06,76.3,5.82,Manual,Mixed,35.32,115,5218.56,0.37,Moderate,3,7,1373.8692,0.3689335657461894,0
South India,Wheat,17.32,6.8,27.99,158.95,71.3,8.74,Sprinkler,Organic,18.54,120,3687.52,0.72,Severe,2,6,1389.223,0.39256111414987166,0
South USA,Wheat,40.09,6.67,19.03,192.36,81.69,4.31,Drip,Organic,33.37,116,5394.47,0.9,Moderate,3,7,829.0716,0.2329509982739837,1
South USA,Cotton,27.01,6.68,27.23,219.67,80.83,6.93,Drip,Mixed,5.86,125,2254.04,0.37,Moderate,3,7,1522.3130999999998,0.33687570362855834,1
South USA,Cotton,10.73,6.08,18.84,135.96,51.61,5.32,Manual,Mixed,43.41,119,2524.63,0.55,Moderate,3,7,723.3072000000001,0.36503846079324176,3
South USA,Rice,31.76,6.06,29.99,216.76,46.45,5.2,Drip,Organic,40.71,105,2837.73,0.46,Mild,2,5,1127.152,0.6456265742395212,3
South India,Soybean,11.12,5.63,23.61,204.39,46.03,5.34,Manual,Inorganic,40.32,146,4228.09,0.66,Moderate,1,6,1091.4425999999999,0.5129152093154613,1
North India,Cotton,37.96,7.43,30.12,293.66,79.08,7.66,Drip,Mixed,6.89,130,2472.24,0.48,Severe,1,5,2249.4356000000002,0.38087530506695666,3
East Africa,Cotton,35.64,5.7,27.94,133.65,46.89,9.09,Manual,Inorganic,39.61,143,5236.58,0.46,Severe,1,5,1214.8785,0.595849949883773,0
Central USA,Rice,15.31,7.01,23.43,107.05,80.09,6.48,Manual,Inorganic,47.83,133,3447.1,0.73,Severe,3,8,693.6840000000001,0.2925422332097239,2
North India,Maize,21.02,7.46,18.29,65.37,77.96,7.96,Sprinkler,Mixed,7.6,141,4641.45,0.83,Moderate,3,8,520.3452,0.2346044817280435,3
Central USA,Maize,10.28,6.06,25.56,280.11,75.01,6.68,Sprinkler,Mixed,33.1,118,4789.88,0.77,Moderate,3,7,1871.1348,0.34075002332991156,1
North India,Wheat,28.81,6.28,29.38,269.97,66.02,7.24,Sprinkler,Organic,28.03,111,5028.19,0.62,Moderate,2,6,1954.5828000000004,0.44500992108571513,2
South India,Maize,35.43,7.47,17.21,64.99,58.65,7.76,Manual,Organic,7.15,118,3191.84,0.44,Mild,3,6,504.32239999999996,0.29343063204378445,0
Central USA,Maize,19.96,7.07,29.3,218.11,75.72,7.12,Sprinkler,Organic,19.75,142,5114.2,0.8,Moderate,3,7,1552.9432000000002,0.38694681792369356,2
North India,Wheat,24.87,5.76,19.3,69.52,73.84,6.42,Manual,Inorganic,31.29,118,4756.07,0.4,Mild,3,7,446.3184,0.2613724082826614,3
South USA,Cotton,14.53,6.91,32.27,79.51,50.63,6.84,Sprinkler,Mixed,21.62,144,3634.48,0.61,Moderate,1,6,543.8484,0.637356560210148,4
Central USA,Maize,44.69,6.11,24.72,247.8,47.11,7.54,Drip,Inorganic,45.01,142,4958.64,0.82,Severe,1,5,1868.412,0.5247182186750441,0
South USA,Soybean,20.84,6.4,21.76,144.33,81.72,9.0,Sprinkler,Organic,27.71,118,4668.88,0.78,Severe,2,6,1298.97,0.26627182731488847,3
South USA,Rice,41.51,6.18,15.92,217.61,62.15,5.66,Drip,Organic,36.82,140,5086.38,0.64,Mild,3,8,1231.6726,0.25615034351820565,4
East Africa,Soybean,30.19,5.61,26.4,97.35,63.79,9.38,Drip,Mixed,47.13,107,5147.03,0.65,Moderate,1,4,913.143,0.4138514837516264,1
East Africa,Soybean,21.22,6.68,24.83,283.46,57.0,5.08,Drip,Mixed,19.28,97,5919.14,0.45,Moderate,2,5,1439.9768,0.4356063928703005,0
South India,Maize,43.33,6.86,16.18,290.28,49.07,8.28,Manual,Inorganic,9.44,147,3296.87,0.33,Mild,1,6,2403.5183999999995,0.3297263149314259,1
East Africa,Soybean,18.28,6.52,25.09,287.34,53.46,5.91,Sprinkler,Organic,26.79,104,5654.94,0.71,Mild,2,6,1698.1794,0.4693140794223827,2
East Africa,Rice,20.66,6.31,16.68,208.95,50.17,9.81,Manual,Mixed,49.34,150,3695.01,0.58,Moderate,1,6,2049.7995,0.3324629766199597,4
South India,Wheat,12.11,7.34,20.47,112.72,74.0,10.0,Sprinkler,Mixed,42.83,100,4956.73,0.72,Mild,2,5,1127.2,0.27661788354211425,0
East Africa,Maize,40.74,5.92,25.1,250.51,84.2,9.67,Manual,Mixed,25.37,110,3366.52,0.85,Mild,1,5,2422.4317,0.29809622213512904,3
North India,Soybean,26.68,7.3,28.45,153.29,84.76,8.22,Manual,Mixed,8.65,94,4154.6,0.88,Severe,3,6,1260.0438,0.3356496501928953,4
East Africa,Maize,23.54,7.18,31.24,295.95,46.24,6.22,Sprinkler,Inorganic,5.42,138,3124.54,0.68,Mild,3,7,1840.809,0.6755909258017776,2
South India,Cotton,43.86,5.57,24.86,226.01,70.3,4.04,Manual,Organic,44.15,121,2681.91,0.71,Mild,3,7,913.0803999999999,0.3536222813331247,1
North India,Soybean,14.49,5.63,20.19,192.48,51.4,7.14,Manual,Organic,43.15,133,4131.77,0.3,Severe,1,6,1374.3072,0.39279391451528184,1
North India,Maize,25.14,7.49,20.48,220.04,63.33,6.17,Drip,Mixed,15.1,124,3795.45,0.83,Moderate,2,6,1357.6468,0.3233803350649761,4
South India,Cotton,43.52,7.33,18.94,132.31,43.14,7.75,Drip,Inorganic,24.44,141,4505.19,0.58,Moderate,1,6,1025.4025,0.43902552096613434,3
North India,Maize,28.19,5.97,16.46,199.99,61.93,4.57,Manual,Mixed,10.62,114,3253.12,0.34,Severe,1,4,913.9543000000001,0.2657796580064911,1
North India,Maize,31.38,6.36,17.04,63.95,42.61,9.1,Drip,Organic,32.78,145,4398.3,0.56,Moderate,2,7,581.945,0.3998967402783319,4
Central USA,Wheat,25.89,6.16,18.85,75.67,69.76,4.41,Sprinkler,Mixed,10.67,112,3684.03,0.38,Moderate,3,6,333.7047,0.2702082825647568,4
North India,Rice,20.91,6.37,34.19,238.59,55.56,9.31,Sprinkler,Organic,26.13,108,3475.32,0.39,Mild,3,6,2221.2729,0.6153596947499145,2
East Africa,Soybean,40.05,6.34,18.91,100.09,85.43,8.71,Manual,Organic,35.05,119,4399.05,0.5,Moderate,3,7,871.7839000000001,0.22134822254216852,1
South USA,Maize,15.68,6.41,30.78,60.55,50.97,4.02,Sprinkler,Mixed,15.36,105,3922.98,0.74,Mild,3,6,243.41099999999997,0.6038727904102333,3
South USA,Rice,38.91,5.51,15.2,139.47,67.73,4.85,Manual,Organic,33.41,91,2796.49,0.73,Moderate,2,5,676.4295,0.22441717972567948,2
East Africa,Rice,16.25,5.54,31.86,277.66,41.05,8.06,Manual,Mixed,40.43,149,2840.95,0.7,Severe,1,6,2237.9396,0.7761077683856666,2
North India,Wheat,15.06,7.35,30.9,97.92,58.91,6.25,Manual,Mixed,16.0,129,4349.3,0.33,Moderate,1,6,612.0,0.5245200387024495,3
South India,Soybean,43.89,7.27,19.18,70.35,63.53,7.98,Drip,Organic,27.89,122,3497.06,0.52,Severe,3,7,561.393,0.3018998599109096,4
South USA,Cotton,19.39,6.3,33.42,196.0,41.83,5.32,Sprinkler,Inorganic,43.84,109,3700.09,0.52,Moderate,2,5,1042.72,0.7989290239296217,1
South India,Wheat,20.33,6.54,19.6,60.29,65.61,6.02,Manual,Inorganic,24.46,121,3268.08,0.46,Moderate,2,6,362.94579999999996,0.29873039581777444,0
Central USA,Wheat,20.31,6.5,25.93,69.54,53.82,5.37,Drip,Organic,21.21,111,2786.59,0.76,Moderate,3,6,373.42980000000006,0.48178220397242716,2
South India,Soybean,44.93,7.5,30.05,234.96,85.62,4.05,Manual,Inorganic,42.0,142,4319.82,0.76,Mild,2,7,951.588,0.35096530056878567,4
South USA,Rice,17.94,7.0,24.49,178.96,79.3,8.55,Sprinkler,Inorganic,40.64,102,3715.17,0.81,Moderate,2,6,1530.1080000000002,0.30882334396791966,4
Central USA,Rice,30.21,5.76,33.87,52.42,80.52,9.01,Manual,Organic,23.86,115,5051.37,0.31,Mild,3,7,472.3042,0.42063561058605825,4
South India,Rice,44.2,7.49,26.36,249.79,85.69,7.44,Sprinkler,Inorganic,14.19,124,3545.74,0.57,Moderate,2,6,1858.4376,0.3076169025918708,0
North India,Rice,13.65,6.61,15.64,222.26,64.43,5.12,Drip,Inorganic,17.77,132,4097.58,0.4,Severe,1,5,1137.9712,0.2427402958203349,0
South USA,Rice,44.64,5.76,23.37,235.79,59.45,9.42,Sprinkler,Organic,44.17,142,4838.69,0.49,Mild,2,7,2221.1418,0.3930968360498562,0
East Africa,Cotton,19.64,5.51,17.85,65.99,59.96,8.85,Manual,Mixed,44.57,126,2156.34,0.57,Moderate,2,6,584.0115,0.2976935007755041,2
South USA,Soybean,38.82,7.2,23.3,94.89,70.89,6.59,Manual,Mixed,13.25,115,4794.58,0.46,Moderate,3,6,625.3251,0.32867359749474545,2
North India,Rice,41.81,6.32,30.24,80.31,58.44,8.53,Manual,Inorganic,25.29,122,2178.54,0.75,Severe,2,6,685.0443,0.5174449444739139,2
Central USA,Cotton,39.95,6.29,15.21,78.67,85.86,5.96,Drip,Inorganic,25.76,132,2969.17,0.8,Mild,1,5,468.8732,0.17714678375513912,2
North India,Soybean,13.52,6.09,25.69,147.71,43.88,8.58,Manual,Organic,24.83,135,2137.78,0.68,Severe,1,5,1267.3518000000001,0.5854470043982589,4
South USA,Maize,25.54,6.7,15.97,144.35,50.09,5.5,Sprinkler,Organic,9.11,90,3348.47,0.88,Moderate,2,5,793.925,0.31881974805853347,3
South India,Rice,11.54,6.53,31.31,130.67,71.34,7.75,Manual,Inorganic,10.44,112,3293.47,0.53,Severe,1,4,1012.6924999999999,0.4388780645070856,4
South India,Wheat,33.03,6.06,27.48,60.98,84.27,6.47,Sprinkler,Organic,37.06,106,5836.14,0.53,Mild,3,6,394.5406,0.3260908260255604,2
Central USA,Rice,32.24,7.27,21.36,262.89,64.11,6.01,Manual,Inorganic,28.0,122,4349.87,0.84,Moderate,3,7,1579.9688999999998,0.3331721545444619,2
South India,Cotton,36.5,6.74,16.2,143.63,54.83,4.91,Sprinkler,Mixed,6.71,150,3774.9,0.77,Moderate,3,8,705.2233,0.2954533019642173,0
East Africa,Cotton,32.68,6.08,15.47,261.73,56.56,5.45,Drip,Mixed,49.48,136,2889.78,0.68,Moderate,3,8,1426.4285000000002,0.27351001573522393,4
South USA,Wheat,43.38,5.6,34.84,284.57,46.28,5.04,Sprinkler,Organic,27.83,119,3245.85,0.66,Moderate,2,6,1434.2328,0.7527927227155853,0
Central USA,Soybean,25.69,6.77,20.44,245.32,44.0,9.84,Manual,Inorganic,12.55,122,4437.58,0.78,Moderate,2,6,2413.9488,0.46453489693416067,1
South USA,Cotton,39.89,7.02,33.43,198.8,47.64,8.36,Manual,Inorganic,25.86,114,4248.57,0.58,Mild,2,6,1661.968,0.7017065132973699,0
South India,Wheat,10.45,6.5,29.51,172.86,86.28,9.64,Manual,Inorganic,27.03,94,3635.15,0.86,Mild,3,6,1666.3704000000002,0.3420219978906132,3
South India,Cotton,43.5,7.04,30.03,137.14,75.46,7.81,Manual,Mixed,7.6,137,2987.17,0.68,Mild,2,6,1071.0633999999998,0.3979539099667378,2
South India,Maize,31.19,7.39,17.95,111.85,68.92,7.98,Sprinkler,Organic,10.25,135,5667.53,0.35,Mild,1,6,892.563,0.26044311603139825,1
South USA,Rice,39.04,6.01,21.04,291.92,72.92,6.3,Manual,Mixed,23.52,95,2437.1,0.39,Mild,3,7,1839.096,0.28853142441820595,3
South USA,Maize,10.22,5.84,24.83,74.22,78.69,6.51,Manual,Mixed,17.98,101,3498.61,0.6,Moderate,2,5,483.1722,0.31553799036738633,0
South USA,Soybean,38.5,5.87,16.18,95.68,77.96,5.56,Manual,Inorganic,33.21,145,4545.73,0.47,Moderate,3,7,531.9808,0.2075396672695322,0
North India,Soybean,18.22,6.47,30.21,52.38,53.3,9.73,Drip,Organic,14.5,128,4080.3,0.5,Severe,1,5,509.65740000000005,0.5667811110485733,3
Central USA,Maize,33.87,6.19,21.3,109.9,58.06,6.39,Drip,Inorganic,44.29,119,5482.17,0.38,Moderate,1,4,702.261,0.3668555484748799,1
East Africa,Maize,43.29,7.0,19.97,162.98,74.31,9.22,Drip,Mixed,13.46,110,2066.52,0.74,Severe,3,7,1502.6756,0.26873544966424884,1
South India,Soybean,26.96,6.98,30.88,137.08,86.95,9.65,Manual,Mixed,43.57,114,3175.45,0.83,Moderate,1,5,1322.8220000000001,0.3551425515520235,1
South India,Cotton,37.89,6.1,28.46,187.19,83.74,5.01,Manual,Organic,26.7,105,2846.56,0.36,Moderate,3,6,937.8218999999999,0.33985741751352383,1
South India,Maize,41.59,7.03,19.41,114.41,63.82,9.39,Drip,Mixed,11.11,136,3967.84,0.76,Moderate,3,8,1074.3099,0.30413186882060766,1
Central USA,Cotton,41.86,6.99,29.5,213.48,79.25,9.8,Manual,Organic,15.06,95,2445.53,0.75,Moderate,1,4,2092.1040000000003,0.3722350506618213,1
East Africa,Maize,14.46,6.13,22.6,234.23,55.54,7.54,Sprinkler,Inorganic,49.09,113,5190.07,0.65,Moderate,2,6,1766.0942,0.4069066095316973,2
South USA,Wheat,28.84,6.42,17.89,285.72,81.86,7.0,Manual,Organic,32.07,132,5396.51,0.89,Moderate,1,6,2000.0400000000002,0.2185411856683891,4
Central USA,Soybean,26.74,7.16,24.9,226.04,58.84,9.89,Manual,Organic,42.25,136,5737.73,0.82,Mild,1,6,2235.5356,0.4231743172277833,3
South USA,Cotton,20.47,7.13,33.25,89.8,41.08,6.35,Manual,Mixed,26.3,115,3564.25,0.85,Severe,2,6,570.2299999999999,0.8093765974538109,3
North India,Rice,21.32,7.08,32.32,63.53,86.73,5.82,Sprinkler,Mixed,11.19,108,5588.87,0.74,Mild,3,7,369.74460000000005,0.37264645859035406,2
Central USA,Soybean,13.57,7.07,32.17,144.14,89.14,8.08,Sprinkler,Organic,9.32,150,2209.89,0.88,Severe,2,7,1164.6511999999998,0.36088892877575973,1
South India,Wheat,14.16,6.29,21.05,199.04,48.62,8.47,Drip,Inorganic,43.92,107,4529.33,0.35,Severe,3,6,1685.8688,0.4329404989613542,4
East Africa,Rice,10.81,6.65,26.45,118.43,77.27,8.77,Sprinkler,Inorganic,26.79,117,3193.45,0.85,Mild,3,7,1038.6311,0.34230176909836807,0
South USA,Wheat,23.78,7.13,30.67,182.52,43.2,9.02,Drip,Organic,48.46,145,4396.41,0.49,Moderate,1,5,1646.3304,0.7099372699706026,0
South India,Soybean,17.22,5.82,26.25,262.86,41.75,9.88,Manual,Inorganic,48.48,150,4632.64,0.61,Moderate,1,6,2597.0568000000003,0.6287274556298053,2
East Africa,Cotton,14.89,6.48,21.26,277.7,89.84,7.64,Sprinkler,Mixed,9.46,92,2752.29,0.38,Mild,1,4,2121.6279999999997,0.23664028672877638,3
East Africa,Maize,19.71,6.96,23.44,187.46,53.03,7.9,Sprinkler,Inorganic,25.52,117,5760.8,0.74,Mild,2,6,1480.9340000000002,0.4420056193547171,4
Central USA,Soybean,33.01,7.14,27.1,154.92,47.67,9.95,Manual,Inorganic,6.17,94,3080.5,0.34,Mild,3,6,1541.4539999999997,0.5684797885506913,0
Central USA,Maize,37.23,5.79,30.96,118.41,44.9,9.88,Sprinkler,Inorganic,47.83,123,4913.31,0.36,Moderate,1,5,1169.8908000000001,0.6895169372619764,1
East Africa,Maize,29.3,6.71,32.93,92.69,87.33,6.34,Manual,Mixed,35.5,128,5528.08,0.31,Mild,3,7,587.6546,0.37707114312214446,4
South India,Rice,23.26,6.97,16.06,231.35,88.72,8.25,Sprinkler,Mixed,32.39,101,3755.84,0.47,Severe,3,6,1908.6375,0.18101689566168097,3
East Africa,Rice,20.68,7.22,33.95,151.63,55.64,4.54,Drip,Organic,37.85,126,2229.65,0.79,Severe,1,5,688.4002,0.6101615715030284,2
South USA,Soybean,42.64,5.77,24.96,221.28,73.84,7.19,Drip,Inorganic,5.63,137,2029.16,0.45,Severe,1,6,1591.0032,0.3380235912298046,1
East Africa,Cotton,43.76,6.85,32.64,180.88,51.25,4.45,Sprinkler,Mixed,20.9,121,3516.38,0.71,Moderate,1,5,804.916,0.6368656221342023,3
Central USA,Maize,26.91,6.03,15.04,207.79,59.68,9.54,Drip,Inorganic,45.16,112,2023.56,0.3,Mild,2,5,1982.3165999999997,0.2520065012315477,0
South USA,Maize,10.31,6.36,18.95,182.27,84.93,6.46,Manual,Organic,12.0,104,3882.79,0.41,Moderate,3,6,1177.4642000000001,0.2231222992782376,0
North India,Cotton,32.97,6.38,17.8,236.77,40.29,9.3,Sprinkler,Organic,13.53,115,3684.22,0.42,Severe,1,4,2201.9610000000002,0.4417860068005262,3
Central USA,Wheat,24.74,6.6,31.0,228.58,56.24,8.59,Sprinkler,Mixed,37.67,142,3555.39,0.38,Moderate,3,8,1963.5022000000001,0.5511993029995911,1
East Africa,Wheat,36.86,5.97,28.57,135.54,88.82,8.42,Sprinkler,Inorganic,18.03,138,3715.81,0.47,Moderate,2,6,1141.2468,0.3216581664246068,3
Central USA,Rice,33.32,6.36,24.48,245.68,45.15,8.38,Sprinkler,Organic,49.66,130,2594.9,0.89,Mild,3,7,2058.7984,0.5421806825983921,0
South USA,Wheat,31.58,5.68,16.02,151.82,55.32,7.8,Sprinkler,Organic,20.13,122,3708.29,0.47,Moderate,2,6,1184.196,0.28958261781240396,0
South USA,Rice,21.19,5.6,15.82,63.03,77.24,5.27,Manual,Inorganic,45.88,101,3009.05,0.36,Mild,1,4,332.1681,0.20481350578060875,4
East Africa,Rice,21.59,6.98,22.23,244.7,66.44,6.23,Manual,Organic,31.29,98,4518.23,0.85,Mild,1,4,1524.481,0.33458256197227615,0
South India,Cotton,42.39,5.65,25.93,135.72,76.27,9.94,Sprinkler,Mixed,37.43,102,3672.85,0.81,Moderate,1,4,1349.0567999999998,0.33997194215363635,2
Central USA,Cotton,32.05,5.73,23.72,170.71,66.19,9.71,Drip,Organic,31.96,108,2181.78,0.41,Severe,3,6,1657.5941000000003,0.3583568763124896,2
South USA,Soybean,40.46,7.44,18.31,237.68,59.21,8.68,Manual,Mixed,17.22,100,4287.59,0.77,Severe,1,4,2063.0624,0.309233081690902,1
East Africa,Soybean,19.06,7.2,20.93,117.13,45.96,5.34,Sprinkler,Inorganic,6.76,149,2531.89,0.79,Moderate,1,6,625.4742,0.4553860882052175,4
North India,Maize,32.14,7.44,21.49,286.61,84.2,5.58,Sprinkler,Inorganic,45.43,93,4503.82,0.88,Mild,2,5,1599.2838000000002,0.2552226220591204,3
Central USA,Wheat,28.81,7.46,30.56,245.13,45.32,8.47,Manual,Mixed,16.58,128,4203.51,0.65,Severe,3,7,2076.2511,0.6743010966218751,0
South India,Cotton,18.11,6.95,22.37,275.54,44.68,5.09,Sprinkler,Organic,13.5,101,4590.26,0.79,Mild,2,6,1402.4986000000001,0.5006602358944519,2
North India,Rice,12.52,5.99,33.18,292.6,45.01,7.16,Drip,Mixed,9.49,97,5306.25,0.38,Moderate,2,5,2095.016,0.7371531403434717,1
Central USA,Rice,42.85,6.7,30.85,52.35,79.58,7.25,Manual,Mixed,8.82,138,4251.4,0.59,Mild,1,6,379.5375,0.3876553448687501,3
North India,Soybean,34.22,6.75,17.46,256.23,45.14,5.78,Sprinkler,Organic,5.05,104,3708.54,0.85,Severe,1,4,1481.0094000000001,0.3867880640659268,4
North India,Cotton,15.93,5.72,17.03,288.96,57.87,7.69,Drip,Inorganic,46.55,128,2604.41,0.71,Mild,1,5,2222.1023999999998,0.2942751982858427,4
Central USA,Soybean,38.61,6.2,17.08,279.06,73.09,9.6,Drip,Organic,43.78,131,2586.36,0.77,Severe,1,6,2678.976,0.23368130139141613,2
North India,Wheat,30.22,7.42,20.57,72.61,89.74,5.09,Sprinkler,Inorganic,19.37,134,5891.4,0.85,Severe,2,6,369.5849,0.22921518592393667,2
